[
{ "name":"3M Company", "slug":"MMM", "se": "NYSE" },
{ "name":"Abbott Laboratories", "slug":"ABT", "se": "NYSE" },
{ "name":"AbbVie Inc.", "slug":"ABBV", "se": "NYSE" },
{ "name":"ABIOMED Inc", "slug":"ABMD", "se": "NYSE" },
{ "name":"Accenture plc", "slug":"ACN", "se": "NYSE" },
{ "name":"Activision Blizzard", "slug":"ATVI", "se": "NYSE" },
{ "name":"Adobe Systems Inc", "slug":"ADBE", "se": "NYSE" },
{ "name":"Advanced Micro Devices Inc", "slug":"AMD", "se": "NYSE" },
{ "name":"Advance Auto Parts", "slug":"AAP", "se": "NYSE" },
{ "name":"AES Corp", "slug":"AES", "se": "NYSE" },
{ "name":"Affiliated Managers Group Inc", "slug":"AMG", "se": "NYSE" },
{ "name":"AFLAC Inc", "slug":"AFL", "se": "NYSE" },
{ "name":"Agilent Technologies Inc", "slug":"A", "se": "NYSE" },
{ "name":"Air Products & Chemicals Inc", "slug":"APD", "se": "NYSE" },
{ "name":"Akamai Technologies Inc", "slug":"AKAM", "se": "NYSE" },
{ "name":"Alaska Air Group Inc", "slug":"ALK", "se": "NYSE" },
{ "name":"Albemarle Corp", "slug":"ALB", "se": "NYSE" },
{ "name":"Alexandria Real Estate Equities", "slug":"ARE", "se": "NYSE" },
{ "name":"Alexion Pharmaceuticals", "slug":"ALXN", "se": "NYSE" },
{ "name":"Align Technology", "slug":"ALGN", "se": "NYSE" },
{ "name":"Allegion", "slug":"ALLE", "se": "NYSE" },
{ "name":"Allergan, Plc", "slug":"AGN", "se": "NYSE" },
{ "name":"Alliance Data Systems", "slug":"ADS", "se": "NYSE" },
{ "name":"Alliant Energy Corp", "slug":"LNT", "se": "NYSE" },
{ "name":"Allstate Corp", "slug":"ALL", "se": "NYSE" },
{ "name":"Alphabet Inc Class A", "slug":"GOOGL", "se": "NYSE" },
{ "name":"Alphabet Inc Class C", "slug":"GOOG", "se": "NYSE" },
{ "name":"Altria Group Inc", "slug":"MO", "se": "NYSE" },
{ "name":"Amazon.com Inc.", "slug":"AMZN", "se": "NYSE" },
{ "name":"Amcor plc", "slug":"AMCR", "se": "NYSE" },
{ "name":"Ameren Corp", "slug":"AEE", "se": "NYSE" },
{ "name":"American Airlines Group", "slug":"AAL", "se": "NYSE" },
{ "name":"American Electric Power", "slug":"AEP", "se": "NYSE" },
{ "name":"American Express Co", "slug":"AXP", "se": "NYSE" },
{ "name":"American International Group", "slug":"AIG", "se": "NYSE" },
{ "name":"American Tower Corp.", "slug":"AMT", "se": "NYSE" },
{ "name":"American Water Works Company Inc", "slug":"AWK", "se": "NYSE" },
{ "name":"Ameriprise Financial", "slug":"AMP", "se": "NYSE" },
{ "name":"AmerisourceBergen Corp", "slug":"ABC", "se": "NYSE" },
{ "name":"AMETEK Inc.", "slug":"AME", "se": "NYSE" },
{ "name":"Amgen Inc.", "slug":"AMGN", "se": "NYSE" },
{ "name":"Amphenol Corp", "slug":"APH", "se": "NYSE" },
{ "name":"Analog Devices, Inc.", "slug":"ADI", "se": "NYSE" },
{ "name":"ANSYS", "slug":"ANSS", "se": "NYSE" },
{ "name":"Anthem", "slug":"ANTM", "se": "NYSE" },
{ "name":"Aon plc", "slug":"AON", "se": "NYSE" },
{ "name":"A.O. Smith Corp", "slug":"AOS", "se": "NYSE" },
{ "name":"Apache Corporation", "slug":"APA", "se": "NYSE" },
{ "name":"Apartment Investment & Management", "slug":"AIV", "se": "NYSE" },
{ "name":"Apple Inc.", "slug":"AAPL", "se": "NYSE" },
{ "name":"Applied Materials Inc.", "slug":"AMAT", "se": "NYSE" },
{ "name":"Aptiv Plc", "slug":"APTV", "se": "NYSE" },
{ "name":"Archer-Daniels-Midland Co", "slug":"ADM", "se": "NYSE" },
{ "name":"Arconic Inc.", "slug":"ARNC", "se": "NYSE" },
{ "name":"Arista Networks", "slug":"ANET", "se": "NYSE" },
{ "name":"Arthur J. Gallagher & Co.", "slug":"AJG", "se": "NYSE" },
{ "name":"Assurant", "slug":"AIZ", "se": "NYSE" },
{ "name":"Atmos Energy Corp", "slug":"ATO", "se": "NYSE" },
{ "name":"AT&T Inc.", "slug":"T", "se": "NYSE" },
{ "name":"Autodesk Inc.", "slug":"ADSK", "se": "NYSE" },
{ "name":"Automatic Data Processing", "slug":"ADP", "se": "NYSE" },
{ "name":"AutoZone Inc", "slug":"AZO", "se": "NYSE" },
{ "name":"AvalonBay Communities, Inc.", "slug":"AVB", "se": "NYSE" },
{ "name":"Avery Dennison Corp", "slug":"AVY", "se": "NYSE" },
{ "name":"Baker Hughes Co", "slug":"BKR", "se": "NYSE" },
{ "name":"Ball Corp", "slug":"BLL", "se": "NYSE" },
{ "name":"Bank of America Corp", "slug":"BAC", "se": "NYSE" },
{ "name":"The Bank of New York Mellon Corp.", "slug":"BK", "se": "NYSE" },
{ "name":"Baxter International Inc.", "slug":"BAX", "se": "NYSE" },
{ "name":"Becton Dickinson", "slug":"BDX", "se": "NYSE" },
{ "name":"Berkshire Hathaway", "slug":"BRK.B", "se": "NYSE" },
{ "name":"Best Buy Co. Inc.", "slug":"BBY", "se": "NYSE" },
{ "name":"Biogen Inc.", "slug":"BIIB", "se": "NYSE" },
{ "name":"BlackRock", "slug":"BLK", "se": "NYSE" },
{ "name":"Boeing Company", "slug":"BA", "se": "NYSE" },
{ "name":"Booking Holdings Inc", "slug":"BKNG", "se": "NYSE" },
{ "name":"BorgWarner", "slug":"BWA", "se": "NYSE" },
{ "name":"Boston Properties", "slug":"BXP", "se": "NYSE" },
{ "name":"Boston Scientific", "slug":"BSX", "se": "NYSE" },
{ "name":"Bristol-Myers Squibb", "slug":"BMY", "se": "NYSE" },
{ "name":"Broadcom Inc.", "slug":"AVGO", "se": "NYSE" },
{ "name":"Broadridge Financial Solutions", "slug":"BR", "se": "NYSE" },
{ "name":"Brown-Forman Corp.", "slug":"BF.B", "se": "NYSE" },
{ "name":"C. H. Robinson Worldwide", "slug":"CHRW", "se": "NYSE" },
{ "name":"Cabot Oil & Gas", "slug":"COG", "se": "NYSE" },
{ "name":"Cadence Design Systems", "slug":"CDNS", "se": "NYSE" },
{ "name":"Campbell Soup", "slug":"CPB", "se": "NYSE" },
{ "name":"Capital One Financial", "slug":"COF", "se": "NYSE" },
{ "name":"Capri Holdings", "slug":"CPRI", "se": "NYSE" },
{ "name":"Cardinal Health Inc.", "slug":"CAH", "se": "NYSE" },
{ "name":"Carmax Inc", "slug":"KMX", "se": "NYSE" },
{ "name":"Carnival Corp.", "slug":"CCL", "se": "NYSE" },
{ "name":"Caterpillar Inc.", "slug":"CAT", "se": "NYSE" },
{ "name":"Cboe Global Markets", "slug":"CBOE", "se": "NYSE" },
{ "name":"CBRE Group", "slug":"CBRE", "se": "NYSE" },
{ "name":"CDW", "slug":"CDW", "se": "NYSE" },
{ "name":"Celanese", "slug":"CE", "se": "NYSE" },
{ "name":"Centene Corporation", "slug":"CNC", "se": "NYSE" },
{ "name":"CenterPoint Energy", "slug":"CNP", "se": "NYSE" },
{ "name":"CenturyLink Inc", "slug":"CTL", "se": "NYSE" },
{ "name":"Cerner", "slug":"CERN", "se": "NYSE" },
{ "name":"CF Industries Holdings Inc", "slug":"CF", "se": "NYSE" },
{ "name":"Charles Schwab Corporation", "slug":"SCHW", "se": "NYSE" },
{ "name":"Charter Communications", "slug":"CHTR", "se": "NYSE" },
{ "name":"Chevron Corp.", "slug":"CVX", "se": "NYSE" },
{ "name":"Chipotle Mexican Grill", "slug":"CMG", "se": "NYSE" },
{ "name":"Chubb Limited", "slug":"CB", "se": "NYSE" },
{ "name":"Church & Dwight", "slug":"CHD", "se": "NYSE" },
{ "name":"CIGNA Corp.", "slug":"CI", "se": "NYSE" },
{ "name":"Cimarex Energy", "slug":"XEC", "se": "NYSE" },
{ "name":"Cincinnati Financial", "slug":"CINF", "se": "NYSE" },
{ "name":"Cintas Corporation", "slug":"CTAS", "se": "NYSE" },
{ "name":"Cisco Systems", "slug":"CSCO", "se": "NYSE" },
{ "name":"Citigroup Inc.", "slug":"C", "se": "NYSE" },
{ "name":"Citizens Financial Group", "slug":"CFG", "se": "NYSE" },
{ "name":"Citrix Systems", "slug":"CTXS", "se": "NYSE" },
{ "name":"The Clorox Company", "slug":"CLX", "se": "NYSE" },
{ "name":"CME Group Inc.", "slug":"CME", "se": "NYSE" },
{ "name":"CMS Energy", "slug":"CMS", "se": "NYSE" },
{ "name":"Coca-Cola Company", "slug":"KO", "se": "NYSE" },
{ "name":"Cognizant Technology Solutions", "slug":"CTSH", "se": "NYSE" },
{ "name":"Colgate-Palmolive", "slug":"CL", "se": "NYSE" },
{ "name":"Comcast Corp.", "slug":"CMCSA", "se": "NYSE" },
{ "name":"Comerica Inc.", "slug":"CMA", "se": "NYSE" },
{ "name":"Conagra Brands", "slug":"CAG", "se": "NYSE" },
{ "name":"Concho Resources", "slug":"CXO", "se": "NYSE" },
{ "name":"ConocoPhillips", "slug":"COP", "se": "NYSE" },
{ "name":"Consolidated Edison", "slug":"ED", "se": "NYSE" },
{ "name":"Constellation Brands", "slug":"STZ", "se": "NYSE" },
{ "name":"The Cooper Companies", "slug":"COO", "se": "NYSE" },
{ "name":"Copart Inc", "slug":"CPRT", "se": "NYSE" },
{ "name":"Corning Inc.", "slug":"GLW", "se": "NYSE" },
{ "name":"Corteva", "slug":"CTVA", "se": "NYSE" },
{ "name":"Costco Wholesale Corp.", "slug":"COST", "se": "NYSE" },
{ "name":"Coty, Inc", "slug":"COTY", "se": "NYSE" },
{ "name":"Crown Castle International Corp.", "slug":"CCI", "se": "NYSE" },
{ "name":"CSX Corp.", "slug":"CSX", "se": "NYSE" },
{ "name":"Cummins Inc.", "slug":"CMI", "se": "NYSE" },
{ "name":"CVS Health", "slug":"CVS", "se": "NYSE" },
{ "name":"D. R. Horton", "slug":"DHI", "se": "NYSE" },
{ "name":"Danaher Corp.", "slug":"DHR", "se": "NYSE" },
{ "name":"Darden Restaurants", "slug":"DRI", "se": "NYSE" },
{ "name":"DaVita Inc.", "slug":"DVA", "se": "NYSE" },
{ "name":"Deere & Co.", "slug":"DE", "se": "NYSE" },
{ "name":"Delta Air Lines Inc.", "slug":"DAL", "se": "NYSE" },
{ "name":"Dentsply Sirona", "slug":"XRAY", "se": "NYSE" },
{ "name":"Devon Energy", "slug":"DVN", "se": "NYSE" },
{ "name":"Diamondback Energy", "slug":"FANG", "se": "NYSE" },
{ "name":"Digital Realty Trust Inc", "slug":"DLR", "se": "NYSE" },
{ "name":"Discover Financial Services", "slug":"DFS", "se": "NYSE" },
{ "name":"Discovery Inc. Class A", "slug":"DISCA", "se": "NYSE" },
{ "name":"Discovery Inc. Class C", "slug":"DISCK", "se": "NYSE" },
{ "name":"Dish Network", "slug":"DISH", "se": "NYSE" },
{ "name":"Dollar General", "slug":"DG", "se": "NYSE" },
{ "name":"Dollar Tree", "slug":"DLTR", "se": "NYSE" },
{ "name":"Dominion Energy", "slug":"D", "se": "NYSE" },
{ "name":"Dover Corp.", "slug":"DOV", "se": "NYSE" },
{ "name":"Dow Inc.", "slug":"DOW", "se": "NYSE" },
{ "name":"DTE Energy Co.", "slug":"DTE", "se": "NYSE" },
{ "name":"Duke Energy", "slug":"DUK", "se": "NYSE" },
{ "name":"Duke Realty Corp", "slug":"DRE", "se": "NYSE" },
{ "name":"DuPont de Nemours Inc", "slug":"DD", "se": "NYSE" },
{ "name":"DXC Technology", "slug":"DXC", "se": "NYSE" },
{ "name":"E*Trade", "slug":"ETFC", "se": "NYSE" },
{ "name":"Eastman Chemical", "slug":"EMN", "se": "NYSE" },
{ "name":"Eaton Corporation", "slug":"ETN", "se": "NYSE" },
{ "name":"eBay Inc.", "slug":"EBAY", "se": "NYSE" },
{ "name":"Ecolab Inc.", "slug":"ECL", "se": "NYSE" },
{ "name":"Edison Int'l", "slug":"EIX", "se": "NYSE" },
{ "name":"Edwards Lifesciences", "slug":"EW", "se": "NYSE" },
{ "name":"Electronic Arts", "slug":"EA", "se": "NYSE" },
{ "name":"Emerson Electric Company", "slug":"EMR", "se": "NYSE" },
{ "name":"Entergy Corp.", "slug":"ETR", "se": "NYSE" },
{ "name":"EOG Resources", "slug":"EOG", "se": "NYSE" },
{ "name":"Equifax Inc.", "slug":"EFX", "se": "NYSE" },
{ "name":"Equinix", "slug":"EQIX", "se": "NYSE" },
{ "name":"Equity Residential", "slug":"EQR", "se": "NYSE" },
{ "name":"Essex Property Trust, Inc.", "slug":"ESS", "se": "NYSE" },
{ "name":"Estee Lauder Cos.", "slug":"EL", "se": "NYSE" },
{ "name":"Evergy", "slug":"EVRG", "se": "NYSE" },
{ "name":"Eversource Energy", "slug":"ES", "se": "NYSE" },
{ "name":"Everest Re Group Ltd.", "slug":"RE", "se": "NYSE" },
{ "name":"Exelon Corp.", "slug":"EXC", "se": "NYSE" },
{ "name":"Expedia Group", "slug":"EXPE", "se": "NYSE" },
{ "name":"Expeditors", "slug":"EXPD", "se": "NYSE" },
{ "name":"Extra Space Storage", "slug":"EXR", "se": "NYSE" },
{ "name":"Exxon Mobil Corp.", "slug":"XOM", "se": "NYSE" },
{ "name":"F5 Networks", "slug":"FFIV", "se": "NYSE" },
{ "name":"Facebook, Inc.", "slug":"FB", "se": "NYSE" },
{ "name":"Fastenal Co", "slug":"FAST", "se": "NYSE" },
{ "name":"Federal Realty Investment Trust", "slug":"FRT", "se": "NYSE" },
{ "name":"FedEx Corporation", "slug":"FDX", "se": "NYSE" },
{ "name":"Fidelity National Information Services", "slug":"FIS", "se": "NYSE" },
{ "name":"Fifth Third Bancorp", "slug":"FITB", "se": "NYSE" },
{ "name":"FirstEnergy Corp", "slug":"FE", "se": "NYSE" },
{ "name":"First Republic Bank", "slug":"FRC", "se": "NYSE" },
{ "name":"Fiserv Inc", "slug":"FISV", "se": "NYSE" },
{ "name":"FleetCor Technologies Inc", "slug":"FLT", "se": "NYSE" },
{ "name":"FLIR Systems", "slug":"FLIR", "se": "NYSE" },
{ "name":"Flowserve Corporation", "slug":"FLS", "se": "NYSE" },
{ "name":"FMC Corporation", "slug":"FMC", "se": "NYSE" },
{ "name":"Ford Motor", "slug":"F", "se": "NYSE" },
{ "name":"Fortinet", "slug":"FTNT", "se": "NYSE" },
{ "name":"Fortive Corp", "slug":"FTV", "se": "NYSE" },
{ "name":"Fortune Brands Home & Security", "slug":"FBHS", "se": "NYSE" },
{ "name":"Fox Corporation Class A", "slug":"FOXA", "se": "NYSE" },
{ "name":"Fox Corporation Class B", "slug":"FOX", "se": "NYSE" },
{ "name":"Franklin Resources", "slug":"BEN", "se": "NYSE" },
{ "name":"Freeport-McMoRan Inc.", "slug":"FCX", "se": "NYSE" },
{ "name":"Gap Inc.", "slug":"GPS", "se": "NYSE" },
{ "name":"Garmin Ltd.", "slug":"GRMN", "se": "NYSE" },
{ "name":"Gartner Inc", "slug":"IT", "se": "NYSE" },
{ "name":"General Dynamics", "slug":"GD", "se": "NYSE" },
{ "name":"General Electric", "slug":"GE", "se": "NYSE" },
{ "name":"General Mills", "slug":"GIS", "se": "NYSE" },
{ "name":"General Motors", "slug":"GM", "se": "NYSE" },
{ "name":"Genuine Parts", "slug":"GPC", "se": "NYSE" },
{ "name":"Gilead Sciences", "slug":"GILD", "se": "NYSE" },
{ "name":"Globe Life Inc.", "slug":"GL", "se": "NYSE" },
{ "name":"Global Payments Inc.", "slug":"GPN", "se": "NYSE" },
{ "name":"Goldman Sachs Group", "slug":"GS", "se": "NYSE" },
{ "name":"Grainger (W.W.) Inc.", "slug":"GWW", "se": "NYSE" },
{ "name":"H&R Block", "slug":"HRB", "se": "NYSE" },
{ "name":"Halliburton Co.", "slug":"HAL", "se": "NYSE" },
{ "name":"Hanesbrands Inc", "slug":"HBI", "se": "NYSE" },
{ "name":"Harley-Davidson", "slug":"HOG", "se": "NYSE" },
{ "name":"Hartford Financial Svc.Gp.", "slug":"HIG", "se": "NYSE" },
{ "name":"Hasbro Inc.", "slug":"HAS", "se": "NYSE" },
{ "name":"HCA Healthcare", "slug":"HCA", "se": "NYSE" },
{ "name":"Healthpeak Properties", "slug":"PEAK", "se": "NYSE" },
{ "name":"Helmerich & Payne", "slug":"HP", "se": "NYSE" },
{ "name":"Henry Schein", "slug":"HSIC", "se": "NYSE" },
{ "name":"The Hershey Company", "slug":"HSY", "se": "NYSE" },
{ "name":"Hess Corporation", "slug":"HES", "se": "NYSE" },
{ "name":"Hewlett Packard Enterprise", "slug":"HPE", "se": "NYSE" },
{ "name":"Hilton Worldwide Holdings Inc", "slug":"HLT", "se": "NYSE" },
{ "name":"HollyFrontier Corp", "slug":"HFC", "se": "NYSE" },
{ "name":"Hologic", "slug":"HOLX", "se": "NYSE" },
{ "name":"Home Depot", "slug":"HD", "se": "NYSE" },
{ "name":"Honeywell Int'l Inc.", "slug":"HON", "se": "NYSE" },
{ "name":"Hormel Foods Corp.", "slug":"HRL", "se": "NYSE" },
{ "name":"Host Hotels & Resorts", "slug":"HST", "se": "NYSE" },
{ "name":"HP Inc.", "slug":"HPQ", "se": "NYSE" },
{ "name":"Humana Inc.", "slug":"HUM", "se": "NYSE" },
{ "name":"Huntington Bancshares", "slug":"HBAN", "se": "NYSE" },
{ "name":"Huntington Ingalls Industries", "slug":"HII", "se": "NYSE" },
{ "name":"IDEX Corporation", "slug":"IEX", "se": "NYSE" },
{ "name":"IDEXX Laboratories", "slug":"IDXX", "se": "NYSE" },
{ "name":"IHS Markit Ltd.", "slug":"INFO", "se": "NYSE" },
{ "name":"Illinois Tool Works", "slug":"ITW", "se": "NYSE" },
{ "name":"Illumina Inc", "slug":"ILMN", "se": "NYSE" },
{ "name":"Ingersoll-Rand PLC", "slug":"IR", "se": "NYSE" },
{ "name":"Intel Corp.", "slug":"INTC", "se": "NYSE" },
{ "name":"Intercontinental Exchange", "slug":"ICE", "se": "NYSE" },
{ "name":"International Business Machines", "slug":"IBM", "se": "NYSE" },
{ "name":"Incyte", "slug":"INCY", "se": "NYSE" },
{ "name":"International Paper", "slug":"IP", "se": "NYSE" },
{ "name":"Interpublic Group", "slug":"IPG", "se": "NYSE" },
{ "name":"Intl Flavors & Fragrances", "slug":"IFF", "se": "NYSE" },
{ "name":"Intuit Inc.", "slug":"INTU", "se": "NYSE" },
{ "name":"Intuitive Surgical Inc.", "slug":"ISRG", "se": "NYSE" },
{ "name":"Invesco Ltd.", "slug":"IVZ", "se": "NYSE" },
{ "name":"IPG Photonics Corp.", "slug":"IPGP", "se": "NYSE" },
{ "name":"IQVIA Holdings Inc.", "slug":"IQV", "se": "NYSE" },
{ "name":"Iron Mountain Incorporated", "slug":"IRM", "se": "NYSE" },
{ "name":"Jack Henry & Associates", "slug":"JKHY", "se": "NYSE" },
{ "name":"Jacobs Engineering Group", "slug":"JEC", "se": "NYSE" },
{ "name":"J. B. Hunt Transport Services", "slug":"JBHT", "se": "NYSE" },
{ "name":"JM Smucker", "slug":"SJM", "se": "NYSE" },
{ "name":"Johnson & Johnson", "slug":"JNJ", "se": "NYSE" },
{ "name":"Johnson Controls International", "slug":"JCI", "se": "NYSE" },
{ "name":"JPMorgan Chase & Co.", "slug":"JPM", "se": "NYSE" },
{ "name":"Juniper Networks", "slug":"JNPR", "se": "NYSE" },
{ "name":"Kansas City Southern", "slug":"KSU", "se": "NYSE" },
{ "name":"Kellogg Co.", "slug":"K", "se": "NYSE" },
{ "name":"KeyCorp", "slug":"KEY", "se": "NYSE" },
{ "name":"Keysight Technologies", "slug":"KEYS", "se": "NYSE" },
{ "name":"Kimberly-Clark", "slug":"KMB", "se": "NYSE" },
{ "name":"Kimco Realty", "slug":"KIM", "se": "NYSE" },
{ "name":"Kinder Morgan", "slug":"KMI", "se": "NYSE" },
{ "name":"KLA Corporation", "slug":"KLAC", "se": "NYSE" },
{ "name":"Kohl's Corp.", "slug":"KSS", "se": "NYSE" },
{ "name":"Kraft Heinz Co", "slug":"KHC", "se": "NYSE" },
{ "name":"Kroger Co.", "slug":"KR", "se": "NYSE" },
{ "name":"L Brands Inc.", "slug":"LB", "se": "NYSE" },
{ "name":"L3Harris Technologies", "slug":"LHX", "se": "NYSE" },
{ "name":"Laboratory Corp. of America Holding", "slug":"LH", "se": "NYSE" },
{ "name":"Lam Research", "slug":"LRCX", "se": "NYSE" },
{ "name":"Lamb Weston Holdings Inc", "slug":"LW", "se": "NYSE" },
{ "name":"Las Vegas Sands", "slug":"LVS", "se": "NYSE" },
{ "name":"Leggett & Platt", "slug":"LEG", "se": "NYSE" },
{ "name":"Leidos Holdings", "slug":"LDOS", "se": "NYSE" },
{ "name":"Lennar Corp.", "slug":"LEN", "se": "NYSE" },
{ "name":"Lilly (Eli) & Co.", "slug":"LLY", "se": "NYSE" },
{ "name":"Lincoln National", "slug":"LNC", "se": "NYSE" },
{ "name":"Linde plc", "slug":"LIN", "se": "NYSE" },
{ "name":"LKQ Corporation", "slug":"LKQ", "se": "NYSE" },
{ "name":"Lockheed Martin Corp.", "slug":"LMT", "se": "NYSE" },
{ "name":"Loews Corp.", "slug":"L", "se": "NYSE" },
{ "name":"Lowe's Cos.", "slug":"LOW", "se": "NYSE" },
{ "name":"LyondellBasell", "slug":"LYB", "se": "NYSE" },
{ "name":"M&T Bank Corp.", "slug":"MTB", "se": "NYSE" },
{ "name":"Macerich", "slug":"MAC", "se": "NYSE" },
{ "name":"Macy's Inc.", "slug":"M", "se": "NYSE" },
{ "name":"Marathon Oil Corp.", "slug":"MRO", "se": "NYSE" },
{ "name":"Marathon Petroleum", "slug":"MPC", "se": "NYSE" },
{ "name":"MarketAxess", "slug":"MKTX", "se": "NYSE" },
{ "name":"Marriott Int'l.", "slug":"MAR", "se": "NYSE" },
{ "name":"Marsh & McLennan", "slug":"MMC", "se": "NYSE" },
{ "name":"Martin Marietta Materials", "slug":"MLM", "se": "NYSE" },
{ "name":"Masco Corp.", "slug":"MAS", "se": "NYSE" },
{ "name":"Mastercard Inc.", "slug":"MA", "se": "NYSE" },
{ "name":"McCormick & Co.", "slug":"MKC", "se": "NYSE" },
{ "name":"Maxim Integrated Products Inc", "slug":"MXIM", "se": "NYSE" },
{ "name":"McDonald's Corp.", "slug":"MCD", "se": "NYSE" },
{ "name":"McKesson Corp.", "slug":"MCK", "se": "NYSE" },
{ "name":"Medtronic plc", "slug":"MDT", "se": "NYSE" },
{ "name":"Merck & Co.", "slug":"MRK", "se": "NYSE" },
{ "name":"MetLife Inc.", "slug":"MET", "se": "NYSE" },
{ "name":"Mettler Toledo", "slug":"MTD", "se": "NYSE" },
{ "name":"MGM Resorts International", "slug":"MGM", "se": "NYSE" },
{ "name":"Microchip Technology", "slug":"MCHP", "se": "NYSE" },
{ "name":"Micron Technology", "slug":"MU", "se": "NYSE" },
{ "name":"Microsoft Corp.", "slug":"MSFT", "se": "NYSE" },
{ "name":"Mid-America Apartments", "slug":"MAA", "se": "NYSE" },
{ "name":"Mohawk Industries", "slug":"MHK", "se": "NYSE" },
{ "name":"Molson Coors Brewing Company", "slug":"TAP", "se": "NYSE" },
{ "name":"Mondelez International", "slug":"MDLZ", "se": "NYSE" },
{ "name":"Monster Beverage", "slug":"MNST", "se": "NYSE" },
{ "name":"Moody's Corp", "slug":"MCO", "se": "NYSE" },
{ "name":"Morgan Stanley", "slug":"MS", "se": "NYSE" },
{ "name":"The Mosaic Company", "slug":"MOS", "se": "NYSE" },
{ "name":"Motorola Solutions Inc.", "slug":"MSI", "se": "NYSE" },
{ "name":"MSCI Inc", "slug":"MSCI", "se": "NYSE" },
{ "name":"Mylan N.V.", "slug":"MYL", "se": "NYSE" },
{ "name":"Nasdaq, Inc.", "slug":"NDAQ", "se": "NYSE" },
{ "name":"National Oilwell Varco Inc.", "slug":"NOV", "se": "NYSE" },
{ "name":"NetApp", "slug":"NTAP", "se": "NYSE" },
{ "name":"Netflix Inc.", "slug":"NFLX", "se": "NYSE" },
{ "name":"Newell Brands", "slug":"NWL", "se": "NYSE" },
{ "name":"Newmont Goldcorp", "slug":"NEM", "se": "NYSE" },
{ "name":"News Corp. Class A", "slug":"NWSA", "se": "NYSE" },
{ "name":"News Corp. Class B", "slug":"NWS", "se": "NYSE" },
{ "name":"NextEra Energy", "slug":"NEE", "se": "NYSE" },
{ "name":"Nielsen Holdings", "slug":"NLSN", "se": "NYSE" },
{ "name":"Nike", "slug":"NKE", "se": "NYSE" },
{ "name":"NiSource Inc.", "slug":"NI", "se": "NYSE" },
{ "name":"Noble Energy Inc", "slug":"NBL", "se": "NYSE" },
{ "name":"Nordstrom", "slug":"JWN", "se": "NYSE" },
{ "name":"Norfolk Southern Corp.", "slug":"NSC", "se": "NYSE" },
{ "name":"Northern Trust Corp.", "slug":"NTRS", "se": "NYSE" },
{ "name":"Northrop Grumman", "slug":"NOC", "se": "NYSE" },
{ "name":"NortonLifeLock", "slug":"NLOK", "se": "NYSE" },
{ "name":"Norwegian Cruise Line Holdings", "slug":"NCLH", "se": "NYSE" },
{ "name":"NRG Energy", "slug":"NRG", "se": "NYSE" },
{ "name":"Nucor Corp.", "slug":"NUE", "se": "NYSE" },
{ "name":"Nvidia Corporation", "slug":"NVDA", "se": "NYSE" },
{ "name":"NVR Inc", "slug":"NVR", "se": "NYSE" },
{ "name":"O'Reilly Automotive", "slug":"ORLY", "se": "NYSE" },
{ "name":"Occidental Petroleum", "slug":"OXY", "se": "NYSE" },
{ "name":"Old Dominion Freight Line", "slug":"ODFL", "se": "NYSE" },
{ "name":"Omnicom Group", "slug":"OMC", "se": "NYSE" },
{ "name":"ONEOK", "slug":"OKE", "se": "NYSE" },
{ "name":"Oracle Corp.", "slug":"ORCL", "se": "NYSE" },
{ "name":"PACCAR Inc.", "slug":"PCAR", "se": "NYSE" },
{ "name":"Packaging Corporation of America", "slug":"PKG", "se": "NYSE" },
{ "name":"Parker-Hannifin", "slug":"PH", "se": "NYSE" },
{ "name":"Paychex Inc.", "slug":"PAYX", "se": "NYSE" },
{ "name":"PayPal", "slug":"PYPL", "se": "NYSE" },
{ "name":"Pentair plc", "slug":"PNR", "se": "NYSE" },
{ "name":"People's United Financial", "slug":"PBCT", "se": "NYSE" },
{ "name":"PepsiCo Inc.", "slug":"PEP", "se": "NYSE" },
{ "name":"PerkinElmer", "slug":"PKI", "se": "NYSE" },
{ "name":"Perrigo", "slug":"PRGO", "se": "NYSE" },
{ "name":"Pfizer Inc.", "slug":"PFE", "se": "NYSE" },
{ "name":"Philip Morris International", "slug":"PM", "se": "NYSE" },
{ "name":"Phillips 66", "slug":"PSX", "se": "NYSE" },
{ "name":"Pinnacle West Capital", "slug":"PNW", "se": "NYSE" },
{ "name":"Pioneer Natural Resources", "slug":"PXD", "se": "NYSE" },
{ "name":"PNC Financial Services", "slug":"PNC", "se": "NYSE" },
{ "name":"PPG Industries", "slug":"PPG", "se": "NYSE" },
{ "name":"PPL Corp.", "slug":"PPL", "se": "NYSE" },
{ "name":"Principal Financial Group", "slug":"PFG", "se": "NYSE" },
{ "name":"Procter & Gamble", "slug":"PG", "se": "NYSE" },
{ "name":"Progressive Corp.", "slug":"PGR", "se": "NYSE" },
{ "name":"Prologis", "slug":"PLD", "se": "NYSE" },
{ "name":"Prudential Financial", "slug":"PRU", "se": "NYSE" },
{ "name":"Public Serv. Enterprise Inc.", "slug":"PEG", "se": "NYSE" },
{ "name":"Public Storage", "slug":"PSA", "se": "NYSE" },
{ "name":"Pulte Homes Inc.", "slug":"PHM", "se": "NYSE" },
{ "name":"PVH Corp.", "slug":"PVH", "se": "NYSE" },
{ "name":"Qorvo", "slug":"QRVO", "se": "NYSE" },
{ "name":"Quanta Services Inc.", "slug":"PWR", "se": "NYSE" },
{ "name":"QUALCOMM Inc.", "slug":"QCOM", "se": "NYSE" },
{ "name":"Quest Diagnostics", "slug":"DGX", "se": "NYSE" },
{ "name":"Ralph Lauren Corporation", "slug":"RL", "se": "NYSE" },
{ "name":"Raymond James Financial Inc.", "slug":"RJF", "se": "NYSE" },
{ "name":"Raytheon Co.", "slug":"RTN", "se": "NYSE" },
{ "name":"Realty Income Corporation", "slug":"O", "se": "NYSE" },
{ "name":"Regency Centers Corporation", "slug":"REG", "se": "NYSE" },
{ "name":"Regeneron Pharmaceuticals", "slug":"REGN", "se": "NYSE" },
{ "name":"Regions Financial Corp.", "slug":"RF", "se": "NYSE" },
{ "name":"Republic Services Inc", "slug":"RSG", "se": "NYSE" },
{ "name":"ResMed", "slug":"RMD", "se": "NYSE" },
{ "name":"Robert Half International", "slug":"RHI", "se": "NYSE" },
{ "name":"Rockwell Automation Inc.", "slug":"ROK", "se": "NYSE" },
{ "name":"Rollins Inc.", "slug":"ROL", "se": "NYSE" },
{ "name":"Roper Technologies", "slug":"ROP", "se": "NYSE" },
{ "name":"Ross Stores", "slug":"ROST", "se": "NYSE" },
{ "name":"Royal Caribbean Cruises Ltd", "slug":"RCL", "se": "NYSE" },
{ "name":"S&P Global, Inc.", "slug":"SPGI", "se": "NYSE" },
{ "name":"Salesforce.com", "slug":"CRM", "se": "NYSE" },
{ "name":"SBA Communications", "slug":"SBAC", "se": "NYSE" },
{ "name":"Schlumberger Ltd.", "slug":"SLB", "se": "NYSE" },
{ "name":"Seagate Technology", "slug":"STX", "se": "NYSE" },
{ "name":"Sealed Air", "slug":"SEE", "se": "NYSE" },
{ "name":"Sempra Energy", "slug":"SRE", "se": "NYSE" },
{ "name":"ServiceNow", "slug":"NOW", "se": "NYSE" },
{ "name":"Sherwin-Williams", "slug":"SHW", "se": "NYSE" },
{ "name":"Simon Property Group Inc", "slug":"SPG", "se": "NYSE" },
{ "name":"Skyworks Solutions", "slug":"SWKS", "se": "NYSE" },
{ "name":"SL Green Realty", "slug":"SLG", "se": "NYSE" },
{ "name":"Snap-on", "slug":"SNA", "se": "NYSE" },
{ "name":"Southern Co.", "slug":"SO", "se": "NYSE" },
{ "name":"Southwest Airlines", "slug":"LUV", "se": "NYSE" },
{ "name":"Stanley Black & Decker", "slug":"SWK", "se": "NYSE" },
{ "name":"Starbucks Corp.", "slug":"SBUX", "se": "NYSE" },
{ "name":"State Street Corp.", "slug":"STT", "se": "NYSE" },
{ "name":"Stryker Corp.", "slug":"SYK", "se": "NYSE" },
{ "name":"SVB Financial", "slug":"SIVB", "se": "NYSE" },
{ "name":"Synchrony Financial", "slug":"SYF", "se": "NYSE" },
{ "name":"Synopsys Inc.", "slug":"SNPS", "se": "NYSE" },
{ "name":"Sysco Corp.", "slug":"SYY", "se": "NYSE" },
{ "name":"T-Mobile US", "slug":"TMUS", "se": "NYSE" },
{ "name":"T. Rowe Price Group", "slug":"TROW", "se": "NYSE" },
{ "name":"Take-Two Interactive", "slug":"TTWO", "se": "NYSE" },
{ "name":"Tapestry, Inc.", "slug":"TPR", "se": "NYSE" },
{ "name":"Target Corp.", "slug":"TGT", "se": "NYSE" },
{ "name":"TE Connectivity Ltd.", "slug":"TEL", "se": "NYSE" },
{ "name":"TechnipFMC", "slug":"FTI", "se": "NYSE" },
{ "name":"Teleflex", "slug":"TFX", "se": "NYSE" },
{ "name":"Texas Instruments", "slug":"TXN", "se": "NYSE" },
{ "name":"Textron Inc.", "slug":"TXT", "se": "NYSE" },
{ "name":"Thermo Fisher Scientific", "slug":"TMO", "se": "NYSE" },
{ "name":"Tiffany & Co.", "slug":"TIF", "se": "NYSE" },
{ "name":"TJX Companies Inc.", "slug":"TJX", "se": "NYSE" },
{ "name":"Tractor Supply Company", "slug":"TSCO", "se": "NYSE" },
{ "name":"TransDigm Group", "slug":"TDG", "se": "NYSE" },
{ "name":"The Travelers Companies Inc.", "slug":"TRV", "se": "NYSE" },
{ "name":"TripAdvisor", "slug":"TRIP", "se": "NYSE" },
{ "name":"Truist Financial", "slug":"TFC", "se": "NYSE" },
{ "name":"Twitter, Inc.", "slug":"TWTR", "se": "NYSE" },
{ "name":"Tyson Foods", "slug":"TSN", "se": "NYSE" },
{ "name":"UDR, Inc.", "slug":"UDR", "se": "NYSE" },
{ "name":"Ulta Beauty", "slug":"ULTA", "se": "NYSE" },
{ "name":"U.S. Bancorp", "slug":"USB", "se": "NYSE" },
{ "name":"Under Armour Class A", "slug":"UAA", "se": "NYSE" },
{ "name":"Under Armour Class C", "slug":"UA", "se": "NYSE" },
{ "name":"Union Pacific Corp", "slug":"UNP", "se": "NYSE" },
{ "name":"United Airlines Holdings", "slug":"UAL", "se": "NYSE" },
{ "name":"United Health Group Inc.", "slug":"UNH", "se": "NYSE" },
{ "name":"United Parcel Service", "slug":"UPS", "se": "NYSE" },
{ "name":"United Rentals, Inc.", "slug":"URI", "se": "NYSE" },
{ "name":"United Technologies", "slug":"UTX", "se": "NYSE" },
{ "name":"Universal Health Services, Inc.", "slug":"UHS", "se": "NYSE" },
{ "name":"Unum Group", "slug":"UNM", "se": "NYSE" },
{ "name":"V.F. Corp.", "slug":"VFC", "se": "NYSE" },
{ "name":"Valero Energy", "slug":"VLO", "se": "NYSE" },
{ "name":"Varian Medical Systems", "slug":"VAR", "se": "NYSE" },
{ "name":"Ventas Inc", "slug":"VTR", "se": "NYSE" },
{ "name":"Verisign Inc.", "slug":"VRSN", "se": "NYSE" },
{ "name":"Verisk Analytics", "slug":"VRSK", "se": "NYSE" },
{ "name":"Verizon Communications", "slug":"VZ", "se": "NYSE" },
{ "name":"Vertex Pharmaceuticals Inc", "slug":"VRTX", "se": "NYSE" },
{ "name":"ViacomCBS", "slug":"VIAC", "se": "NYSE" },
{ "name":"Visa Inc.", "slug":"V", "se": "NYSE" },
{ "name":"Vornado Realty Trust", "slug":"VNO", "se": "NYSE" },
{ "name":"Vulcan Materials", "slug":"VMC", "se": "NYSE" },
{ "name":"W. R. Berkley Corporation", "slug":"WRB", "se": "NYSE" },
{ "name":"Wabtec Corporation", "slug":"WAB", "se": "NYSE" },
{ "name":"Walmart", "slug":"WMT", "se": "NYSE" },
{ "name":"Walgreens Boots Alliance", "slug":"WBA", "se": "NYSE" },
{ "name":"The Walt Disney Company", "slug":"DIS", "se": "NYSE" },
{ "name":"Waste Management Inc.", "slug":"WM", "se": "NYSE" },
{ "name":"Waters Corporation", "slug":"WAT", "se": "NYSE" },
{ "name":"Wec Energy Group Inc", "slug":"WEC", "se": "NYSE" },
{ "name":"WellCare", "slug":"WCG", "se": "NYSE" },
{ "name":"Wells Fargo", "slug":"WFC", "se": "NYSE" },
{ "name":"Welltower Inc.", "slug":"WELL", "se": "NYSE" },
{ "name":"Western Digital", "slug":"WDC", "se": "NYSE" },
{ "name":"Western Union Co", "slug":"WU", "se": "NYSE" },
{ "name":"WestRock", "slug":"WRK", "se": "NYSE" },
{ "name":"Weyerhaeuser", "slug":"WY", "se": "NYSE" },
{ "name":"Whirlpool Corp.", "slug":"WHR", "se": "NYSE" },
{ "name":"Williams Cos.", "slug":"WMB", "se": "NYSE" },
{ "name":"Willis Towers Watson", "slug":"WLTW", "se": "NYSE" },
{ "name":"Wynn Resorts Ltd", "slug":"WYNN", "se": "NYSE" },
{ "name":"Xcel Energy Inc", "slug":"XEL", "se": "NYSE" },
{ "name":"Xerox", "slug":"XRX", "se": "NYSE" },
{ "name":"Xilinx", "slug":"XLNX", "se": "NYSE" },
{ "name":"Xylem Inc.", "slug":"XYL", "se": "NYSE" },
{ "name":"Yum! Brands Inc", "slug":"YUM", "se": "NYSE" },
{ "name":"Zimmer Biomet Holdings", "slug":"ZBH", "se": "NYSE" },
{ "name":"Zions Bancorp", "slug":"ZION", "se": "NYSE" },
{ "name":"Zoetis", "slug":"ZTS"}

]


